id,type,isObscene,isAbstract,text
1,prefix,FALSE,FALSE,Огне
2,prefix,FALSE,FALSE,Брюхо
3,prefix,FALSE,FALSE,Мече
4,prefix,FALSE,FALSE,Мрако
5,prefix,FALSE,FALSE,Пыле
6,prefix,FALSE,FALSE,Пузо
7,prefix,FALSE,FALSE,Луно
8,prefix,FALSE,FALSE,Кресто
9,prefix,FALSE,FALSE,Грызо
10,prefix,FALSE,FALSE,Миро
11,prefix,FALSE,FALSE,Трясо
12,prefix,FALSE,FALSE,Нюхо
13,prefix,FALSE,FALSE,Лизо
14,prefix,FALSE,FALSE,Ногте
15,prefix,FALSE,FALSE,Стремно
16,prefix,FALSE,FALSE,Слизе
17,prefix,FALSE,FALSE,Клыко
18,prefix,FALSE,FALSE,Цвето
19,prefix,FALSE,FALSE,Солнце
20,prefix,FALSE,FALSE,Звездо
21,prefix,FALSE,FALSE,Сопле
22,prefix,FALSE,FALSE,Спино
23,prefix,TRUE,FALSE,Попко
24,prefix,FALSE,FALSE,Бревно
25,prefix,FALSE,FALSE,Стрело
26,prefix,TRUE,FALSE,Сисько
27,prefix,FALSE,FALSE,Дыро
28,prefix,FALSE,FALSE,Злобно
29,prefix,FALSE,FALSE,Добро
30,prefix,FALSE,FALSE,Тыко
31,prefix,FALSE,FALSE,Грудо
32,prefix,FALSE,FALSE,Рыко
33,prefix,FALSE,FALSE,Жестко
34,prefix,TRUE,FALSE,Пуко
35,prefix,FALSE,FALSE,Кишко
36,prefix,FALSE,FALSE,Лихо
37,prefix,FALSE,FALSE,Мяче
38,prefix,FALSE,FALSE,Трюко
39,prefix,FALSE,FALSE,Штормо
40,prefix,FALSE,FALSE,Ветро
41,prefix,FALSE,FALSE,Ледо
42,prefix,FALSE,FALSE,Жиро
43,prefix,FALSE,FALSE,Стуко
44,prefix,FALSE,FALSE,Стекло
45,prefix,FALSE,FALSE,Бесо
46,prefix,FALSE,FALSE,Следо
47,prefix,FALSE,FALSE,Мохно
48,prefix,FALSE,FALSE,Хряко
49,prefix,FALSE,FALSE,Свино
50,prefix,FALSE,FALSE,Волко
51,prefix,FALSE,FALSE,Угле
52,prefix,FALSE,FALSE,Треско
53,prefix,FALSE,FALSE,Смехо
54,prefix,FALSE,FALSE,Дымо
55,prefix,FALSE,FALSE,Сердо
56,prefix,FALSE,FALSE,Утко
57,prefix,FALSE,FALSE,Шлепко
58,prefix,FALSE,FALSE,Духо
59,prefix,FALSE,FALSE,Няше
60,prefix,FALSE,FALSE,Чпоко
61,prefix,FALSE,FALSE,Трусо
62,prefix,FALSE,FALSE,Плаще
63,prefix,FALSE,FALSE,Крово
64,prefix,FALSE,FALSE,Траво
65,prefix,FALSE,FALSE,Пыхо
66,prefix,FALSE,FALSE,Друго
67,prefix,FALSE,FALSE,Враго
68,prefix,FALSE,FALSE,Тряпко
69,prefix,FALSE,FALSE,Костро
70,prefix,FALSE,FALSE,Лапо
71,prefix,FALSE,FALSE,Дупло
72,prefix,FALSE,FALSE,Вибро
73,prefix,FALSE,FALSE,Шелко
74,prefix,FALSE,FALSE,Куче
75,prefix,FALSE,FALSE,Перце
76,prefix,FALSE,FALSE,Двиго
77,prefix,FALSE,FALSE,Грязе
78,prefix,FALSE,FALSE,Быко
79,prefix,FALSE,FALSE,Клопо
80,prefix,FALSE,FALSE,Клеще
81,prefix,FALSE,FALSE,Мудро
82,prefix,FALSE,FALSE,Гнило
83,prefix,FALSE,FALSE,Пепло
84,prefix,FALSE,FALSE,Тыкво
85,prefix,FALSE,FALSE,Гнево
86,prefix,FALSE,FALSE,Паро
87,prefix,FALSE,FALSE,Механо
88,prefix,FALSE,FALSE,Шпаго
89,prefix,FALSE,FALSE,Хищно
90,prefix,FALSE,FALSE,Шизо
91,prefix,FALSE,FALSE,Вяло
92,prefix,FALSE,FALSE,Поршне
93,prefix,FALSE,FALSE,Болто
94,prefix,FALSE,FALSE,Пружино
95,prefix,FALSE,FALSE,Волосо
96,prefix,FALSE,FALSE,Трупо
97,prefix,FALSE,FALSE,Порче
98,prefix,FALSE,FALSE,Мутно
99,prefix,FALSE,FALSE,Пятно
100,prefix,FALSE,FALSE,Круто
101,prefix,FALSE,FALSE,Тепло
102,prefix,FALSE,FALSE,Водо
103,prefix,FALSE,FALSE,Мудо
104,prefix,FALSE,FALSE,Нежно
105,prefix,FALSE,FALSE,Любо
106,prefix,TRUE,FALSE,Писько
107,prefix,FALSE,FALSE,Волно
108,prefix,FALSE,FALSE,Пышно
109,prefix,FALSE,FALSE,Мило
110,prefix,FALSE,FALSE,Няшно
111,prefix,FALSE,FALSE,Прытно
112,prefix,FALSE,FALSE,Туче
113,prefix,FALSE,FALSE,Градо
114,prefix,FALSE,FALSE,Луче
115,prefix,FALSE,FALSE,Хмеле
116,prefix,FALSE,FALSE,Кучно
117,prefix,FALSE,FALSE,Черно
118,prefix,FALSE,FALSE,Люто
119,prefix,FALSE,FALSE,Язво
120,prefix,FALSE,FALSE,Сухо
121,prefix,FALSE,FALSE,Мокро
122,prefix,FALSE,FALSE,Влажно
123,prefix,FALSE,FALSE,Черто
124,prefix,FALSE,FALSE,Золото
125,prefix,FALSE,FALSE,Листо
126,prefix,FALSE,FALSE,Рыло
127,prefix,FALSE,FALSE,Мордо
128,prefix,FALSE,FALSE,Крабо
129,prefix,FALSE,FALSE,Усо
130,prefix,FALSE,FALSE,Туго
131,prefix,FALSE,FALSE,Ухо
132,prefix,FALSE,FALSE,Алче
133,prefix,FALSE,FALSE,Блудо
134,prefix,FALSE,FALSE,Грехо
135,prefix,FALSE,FALSE,Копье
136,prefix,FALSE,FALSE,Дуро
137,prefix,FALSE,FALSE,Бледно
138,prefix,FALSE,FALSE,Шмыго
139,prefix,FALSE,FALSE,Ливне
140,prefix,FALSE,FALSE,Буре
141,prefix,FALSE,FALSE,Крысо
142,prefix,FALSE,FALSE,Мыше
143,prefix,FALSE,FALSE,Кото
144,prefix,TRUE,FALSE,Трахо
145,prefix,FALSE,FALSE,Когте
146,prefix,FALSE,FALSE,Клешне
147,prefix,FALSE,FALSE,Гриво
148,prefix,FALSE,FALSE,Зное
149,prefix,FALSE,FALSE,Весело
150,prefix,FALSE,FALSE,Щито
151,prefix,FALSE,FALSE,Маго
152,prefix,FALSE,FALSE,Толсто
153,prefix,FALSE,FALSE,Древо
154,prefix,FALSE,FALSE,Страхо
155,prefix,TRUE,FALSE,Сыко
156,prefix,FALSE,FALSE,Буйно
157,prefix,FALSE,FALSE,Быстро
158,prefix,FALSE,FALSE,Яйце
159,prefix,FALSE,FALSE,Громо
160,prefix,FALSE,FALSE,Корне
161,prefix,FALSE,FALSE,Техно
162,prefix,FALSE,FALSE,Вихре
163,prefix,FALSE,FALSE,Сабле
164,prefix,FALSE,FALSE,Зверо
165,prefix,FALSE,FALSE,Садо
166,prefix,FALSE,FALSE,Горно
167,prefix,FALSE,FALSE,Булко
168,prefix,FALSE,FALSE,Камне
169,prefix,FALSE,FALSE,Песне
170,prefix,FALSE,FALSE,Шубо
171,prefix,FALSE,FALSE,Небо
172,prefix,FALSE,FALSE,Дивно
173,prefix,FALSE,FALSE,Жаро
174,prefix,FALSE,FALSE,Пчело
175,prefix,FALSE,FALSE,Кусто
176,prefix,FALSE,FALSE,Шерсто
177,prefix,FALSE,FALSE,Праздно
178,prefix,FALSE,FALSE,Чесо
179,prefix,FALSE,FALSE,Душе
180,prefix,FALSE,FALSE,Тене
181,prefix,FALSE,FALSE,Пьяно
182,prefix,FALSE,FALSE,Косте
183,prefix,FALSE,FALSE,Пламе
184,prefix,FALSE,FALSE,Гребне
185,prefix,FALSE,FALSE,Космо
186,prefix,FALSE,FALSE,Трубо
187,prefix,FALSE,FALSE,Турбо
188,prefix,FALSE,FALSE,Тлено
189,prefix,FALSE,FALSE,Слюно
190,prefix,FALSE,FALSE,Скало
191,prefix,FALSE,FALSE,Смерто
192,prefix,FALSE,FALSE,Комбо
193,prefix,FALSE,FALSE,Магмо
194,prefix,FALSE,FALSE,Брыко
195,prefix,FALSE,FALSE,Снего
196,prefix,FALSE,FALSE,Буро
197,prefix,FALSE,FALSE,Яро
198,prefix,FALSE,FALSE,Земле
199,prefix,FALSE,FALSE,Плавно
200,prefix,FALSE,FALSE,Куро
201,prefix,FALSE,FALSE,Нище
202,prefix,FALSE,FALSE,Много
203,prefix,FALSE,FALSE,Мало
204,prefix,FALSE,FALSE,Скверно
205,prefix,FALSE,FALSE,Бульбо
206,prefix,FALSE,FALSE,Даро
207,prefix,FALSE,FALSE,Бронзо
208,prefix,FALSE,FALSE,Светло
209,prefix,FALSE,FALSE,Злобо
210,prefix,FALSE,FALSE,Кремо
211,prefix,FALSE,FALSE,Килько
212,prefix,FALSE,FALSE,Сладко
213,prefix,FALSE,FALSE,Горько
214,prefix,FALSE,FALSE,Кисло
215,prefix,FALSE,FALSE,Остро
216,prefix,FALSE,FALSE,Легко
217,prefix,FALSE,FALSE,Бредо
218,prefix,FALSE,FALSE,Сумко
219,prefix,FALSE,FALSE,Вино
220,prefix,FALSE,FALSE,Шлако
221,prefix,FALSE,FALSE,Тесно
222,prefix,FALSE,FALSE,Криво
223,prefix,FALSE,FALSE,Прямо
224,prefix,FALSE,FALSE,Косо
225,prefix,FALSE,FALSE,Клятво
226,prefix,FALSE,FALSE,Бритво
227,prefix,FALSE,FALSE,Пено
228,prefix,FALSE,FALSE,Цепко
229,prefix,FALSE,FALSE,Цирко
230,prefix,FALSE,FALSE,Щипко
231,prefix,FALSE,FALSE,Гладко
232,prefix,FALSE,FALSE,Шершне
233,prefix,FALSE,FALSE,Лисо
234,prefix,FALSE,FALSE,Свято
235,prefix,FALSE,FALSE,Адо
236,prefix,FALSE,FALSE,Скоро
237,prefix,FALSE,FALSE,Мехо
238,prefix,FALSE,FALSE,Вязко
239,prefix,FALSE,FALSE,Скрипо
240,prefix,FALSE,FALSE,Хмуро
241,prefix,FALSE,FALSE,Споро
242,prefix,FALSE,FALSE,Крепко
243,prefix,FALSE,FALSE,Гибле
244,prefix,FALSE,FALSE,Пытко
245,prefix,TRUE,FALSE,Долбо
246,prefix,FALSE,FALSE,Дурно
247,prefix,FALSE,FALSE,Благо
248,prefix,FALSE,FALSE,Бубно
249,prefix,FALSE,FALSE,Мозго
250,prefix,FALSE,FALSE,Пупко
251,prefix,FALSE,FALSE,Шумно
252,prefix,FALSE,FALSE,Тихо
253,prefix,FALSE,FALSE,Пырче
254,prefix,FALSE,FALSE,Ласто
255,prefix,FALSE,FALSE,Слепо
256,prefix,FALSE,FALSE,Мускуло
257,prefix,FALSE,FALSE,Вато
258,prefix,FALSE,FALSE,Дыне
259,prefix,FALSE,FALSE,Щуко
260,prefix,FALSE,FALSE,Кексо
261,prefix,FALSE,FALSE,Крадо
262,prefix,FALSE,FALSE,Газо
263,prefix,FALSE,FALSE,Тигро
264,prefix,FALSE,FALSE,Книго
265,prefix,FALSE,FALSE,Музо
266,prefix,FALSE,FALSE,Молото
267,prefix,FALSE,FALSE,Секиро
268,prefix,FALSE,FALSE,Прыще
269,prefix,FALSE,FALSE,Хрумо
270,prefix,FALSE,FALSE,Хребто
271,prefix,FALSE,FALSE,Чутко
272,prefix,FALSE,FALSE,Велюро
273,prefix,FALSE,FALSE,Жуко
274,prefix,FALSE,FALSE,Броне
275,prefix,FALSE,FALSE,Грустно
276,prefix,FALSE,FALSE,Нерво
277,prefix,FALSE,FALSE,Вольно
278,prefix,FALSE,FALSE,Пруто
279,prefix,FALSE,FALSE,Стале
280,prefix,FALSE,FALSE,Дроже
281,prefix,FALSE,FALSE,Чмоко
282,prefix,FALSE,FALSE,Цыпо
283,prefix,FALSE,FALSE,Черве
284,prefix,FALSE,FALSE,Бобро
285,prefix,FALSE,FALSE,Овце
286,prefix,FALSE,FALSE,Хлысто
287,prefix,FALSE,FALSE,Весло
288,prefix,FALSE,FALSE,Мысле
289,prefix,FALSE,FALSE,Жадно
290,prefix,FALSE,FALSE,Пико
291,prefix,FALSE,FALSE,Рыго
292,prefix,FALSE,FALSE,Гвозде
293,prefix,FALSE,FALSE,Крото
294,prefix,FALSE,FALSE,Гребле
295,prefix,FALSE,FALSE,Пило
296,prefix,FALSE,FALSE,Биче
297,prefix,FALSE,FALSE,Плоско
298,prefix,FALSE,FALSE,Вафле
299,prefix,FALSE,FALSE,Терно
300,prefix,FALSE,FALSE,Щупо
301,prefix,FALSE,FALSE,Щипо
302,prefix,TRUE,FALSE,Стерво
303,prefix,FALSE,FALSE,Тошно
304,prefix,TRUE,FALSE,Шмаро
305,prefix,FALSE,FALSE,Хряще
306,prefix,FALSE,FALSE,Смерче
307,prefix,FALSE,FALSE,Бруто
308,prefix,FALSE,FALSE,Плито
309,prefix,FALSE,FALSE,Стыдо
310,prefix,FALSE,FALSE,Жутко
311,prefix,FALSE,FALSE,Мрачно
312,prefix,FALSE,FALSE,Кремне
313,prefix,TRUE,FALSE,Лобко
314,prefix,FALSE,FALSE,Шприце
315,prefix,FALSE,FALSE,Игло
316,prefix,TRUE,FALSE,Быдло
317,prefix,FALSE,FALSE,Сыпо
318,prefix,FALSE,FALSE,Искро
319,prefix,FALSE,FALSE,Жмото
320,prefix,FALSE,FALSE,Дыбо
321,prefix,FALSE,FALSE,Копче
322,prefix,TRUE,FALSE,Мразе
323,prefix,FALSE,FALSE,Хитро
324,prefix,FALSE,FALSE,Мелко
325,prefix,FALSE,FALSE,Крупно
326,prefix,FALSE,FALSE,Морще
327,prefix,FALSE,FALSE,Желче
328,prefix,FALSE,FALSE,Мухо
329,prefix,FALSE,FALSE,Жабо
330,prefix,FALSE,FALSE,Берсо
331,prefix,TRUE,FALSE,Кало
332,prefix,FALSE,TRUE,Драк
333,prefix,FALSE,TRUE,Эбо
334,prefix,FALSE,TRUE,Крео
335,prefix,FALSE,TRUE,Эсто
336,prefix,FALSE,TRUE,Мико
337,prefix,FALSE,TRUE,Зе
338,prefix,FALSE,TRUE,Небо
339,prefix,FALSE,TRUE,Крип
340,prefix,FALSE,TRUE,Фей
341,prefix,FALSE,TRUE,Эн
342,prefix,FALSE,TRUE,Рама
343,prefix,FALSE,TRUE,Отто
344,prefix,FALSE,TRUE,Ну
345,prefix,FALSE,TRUE,Ише
346,prefix,FALSE,TRUE,Гро
347,prefix,FALSE,TRUE,Ксель
348,prefix,FALSE,TRUE,Шебо
349,prefix,FALSE,TRUE,Улун
350,prefix,FALSE,TRUE,Кромо
351,prefix,FALSE,TRUE,Итро
352,suffix,FALSE,FALSE,мир
353,suffix,FALSE,FALSE,пуз
354,suffix,FALSE,FALSE,тряс
355,suffix,FALSE,FALSE,ступ
356,suffix,FALSE,FALSE,пак
357,suffix,FALSE,FALSE,грыз
358,suffix,FALSE,FALSE,нюх
359,suffix,FALSE,FALSE,лиз
360,suffix,FALSE,FALSE,голов
361,suffix,FALSE,FALSE,бород
362,suffix,FALSE,FALSE,ног
363,suffix,FALSE,FALSE,пряд
364,suffix,FALSE,FALSE,крад
365,suffix,FALSE,FALSE,стрел
366,suffix,FALSE,FALSE,меч
367,suffix,FALSE,FALSE,клык
368,suffix,FALSE,FALSE,цвет
369,suffix,FALSE,FALSE,щуп
370,suffix,FALSE,FALSE,суй
371,suffix,FALSE,FALSE,дар
372,suffix,FALSE,FALSE,жуй
373,suffix,TRUE,FALSE,трах
374,suffix,FALSE,FALSE,жим
375,suffix,FALSE,FALSE,лёт
376,suffix,FALSE,FALSE,кат
377,suffix,FALSE,FALSE,дыр
378,suffix,FALSE,FALSE,свет
379,suffix,FALSE,FALSE,злоб
380,suffix,FALSE,FALSE,стриг
381,suffix,TRUE,FALSE,пук
382,suffix,FALSE,FALSE,поп
383,suffix,TRUE,FALSE,срак
384,suffix,FALSE,FALSE,ух
385,suffix,FALSE,FALSE,нос
386,suffix,FALSE,FALSE,зноб
387,suffix,TRUE,FALSE,срач
388,suffix,FALSE,FALSE,маз
389,suffix,FALSE,FALSE,кол
390,suffix,FALSE,FALSE,пыр
391,suffix,FALSE,FALSE,стук
392,suffix,FALSE,FALSE,спин
393,suffix,FALSE,FALSE,трюк
394,suffix,FALSE,FALSE,твор
395,suffix,FALSE,FALSE,пар
396,suffix,FALSE,FALSE,бес
397,suffix,FALSE,FALSE,шест
398,suffix,FALSE,FALSE,пыт
399,suffix,FALSE,FALSE,хряк
400,suffix,FALSE,FALSE,свин
401,suffix,FALSE,FALSE,коп
402,suffix,FALSE,FALSE,треск
403,suffix,FALSE,FALSE,смех
404,suffix,FALSE,FALSE,плюй
405,suffix,FALSE,FALSE,дым
406,suffix,FALSE,FALSE,серд
407,suffix,FALSE,FALSE,навт
408,suffix,FALSE,FALSE,лов
409,suffix,FALSE,FALSE,волос
410,suffix,FALSE,FALSE,брюх
411,suffix,FALSE,FALSE,пад
412,suffix,FALSE,FALSE,трон
413,suffix,FALSE,FALSE,шлёп
414,suffix,FALSE,FALSE,дав
415,suffix,FALSE,FALSE,чпок
416,suffix,FALSE,FALSE,яд
417,suffix,FALSE,FALSE,плащ
418,suffix,FALSE,FALSE,бард
419,suffix,FALSE,FALSE,тень
420,suffix,FALSE,FALSE,пых
421,suffix,FALSE,FALSE,лап
422,suffix,FALSE,FALSE,фыр
423,suffix,FALSE,FALSE,тряп
424,suffix,FALSE,FALSE,звон
425,suffix,FALSE,FALSE,мол
426,suffix,FALSE,FALSE,глаз
427,suffix,FALSE,FALSE,бров
428,suffix,FALSE,FALSE,лик
429,suffix,FALSE,FALSE,лиц
430,suffix,TRUE,FALSE,сись
431,suffix,FALSE,FALSE,клоп
432,suffix,FALSE,FALSE,кус
433,suffix,FALSE,FALSE,свист
434,suffix,FALSE,FALSE,трог
435,suffix,FALSE,FALSE,топ
436,suffix,FALSE,FALSE,лей
437,suffix,FALSE,FALSE,брей
438,suffix,FALSE,FALSE,бот
439,suffix,FALSE,FALSE,крут
440,suffix,FALSE,FALSE,вёрт
441,suffix,FALSE,FALSE,струй
442,suffix,FALSE,FALSE,ус
443,suffix,FALSE,FALSE,рык
444,suffix,FALSE,FALSE,пас
445,suffix,FALSE,FALSE,трат
446,suffix,FALSE,FALSE,зев
447,suffix,FALSE,FALSE,лёж
448,suffix,FALSE,FALSE,крат
449,suffix,FALSE,FALSE,тел
450,suffix,FALSE,FALSE,скрип
451,suffix,FALSE,FALSE,кос
452,suffix,FALSE,FALSE,кот
453,suffix,FALSE,FALSE,люд
454,suffix,FALSE,FALSE,пресс
455,suffix,FALSE,FALSE,след
456,suffix,FALSE,FALSE,мут
457,suffix,FALSE,FALSE,кнут
458,suffix,FALSE,FALSE,жёв
459,suffix,FALSE,FALSE,гляд
460,suffix,FALSE,FALSE,люб
461,suffix,FALSE,FALSE,няш
462,suffix,FALSE,FALSE,резв
463,suffix,FALSE,FALSE,куш
464,suffix,FALSE,FALSE,куч
465,suffix,FALSE,FALSE,рой
466,suffix,FALSE,FALSE,рёв
467,suffix,FALSE,FALSE,туч
468,suffix,FALSE,FALSE,туж
469,suffix,FALSE,FALSE,вар
470,suffix,FALSE,FALSE,стуж
471,suffix,FALSE,FALSE,мозг
472,suffix,FALSE,FALSE,клад
473,suffix,FALSE,FALSE,плод
474,suffix,FALSE,FALSE,гнил
475,suffix,FALSE,FALSE,трус
476,suffix,FALSE,FALSE,зуд
477,suffix,FALSE,FALSE,брык
478,suffix,FALSE,FALSE,спок
479,suffix,FALSE,FALSE,вор
480,suffix,FALSE,FALSE,вой
481,suffix,FALSE,FALSE,морд
482,suffix,FALSE,FALSE,рыл
483,suffix,FALSE,FALSE,рук
484,suffix,FALSE,FALSE,жад
485,suffix,FALSE,FALSE,ток
486,suffix,FALSE,FALSE,шквал
487,suffix,FALSE,FALSE,шмыг
488,suffix,FALSE,FALSE,дур
489,suffix,FALSE,FALSE,зуб
490,suffix,FALSE,FALSE,блуд
491,suffix,FALSE,FALSE,страх
492,suffix,FALSE,FALSE,гнев
493,suffix,FALSE,FALSE,рыск
494,suffix,FALSE,FALSE,крыс
495,suffix,FALSE,FALSE,спиц
496,suffix,FALSE,FALSE,звер
497,suffix,FALSE,FALSE,глот
498,suffix,FALSE,FALSE,дёр
499,suffix,FALSE,FALSE,грив
500,suffix,FALSE,FALSE,зной
501,suffix,FALSE,FALSE,тороп
502,suffix,FALSE,FALSE,трёп
503,suffix,FALSE,FALSE,дуй
504,suffix,FALSE,FALSE,горб
505,suffix,FALSE,FALSE,жар
506,suffix,FALSE,FALSE,ход
507,suffix,FALSE,FALSE,трух
508,suffix,FALSE,FALSE,смерд
509,suffix,FALSE,FALSE,блоп
510,suffix,FALSE,FALSE,вер
511,suffix,TRUE,FALSE,зад
512,suffix,TRUE,FALSE,пись
513,suffix,FALSE,FALSE,лом
514,suffix,FALSE,FALSE,клин
515,suffix,FALSE,FALSE,плёт
516,suffix,FALSE,FALSE,чар
517,suffix,FALSE,FALSE,злат
518,suffix,FALSE,FALSE,рог
519,suffix,FALSE,FALSE,чмок
520,suffix,FALSE,FALSE,брызг
521,suffix,FALSE,FALSE,рез
522,suffix,FALSE,FALSE,тыр
523,suffix,FALSE,FALSE,струг
524,suffix,FALSE,FALSE,шей
525,suffix,FALSE,FALSE,стон
526,suffix,TRUE,FALSE,сос
527,suffix,FALSE,FALSE,сот
528,suffix,FALSE,FALSE,строг
529,suffix,FALSE,FALSE,шерст
530,suffix,FALSE,FALSE,чёс
531,suffix,FALSE,FALSE,бег
532,suffix,FALSE,FALSE,полз
533,suffix,FALSE,FALSE,сед
534,suffix,FALSE,FALSE,туг
535,suffix,FALSE,FALSE,пруг
536,suffix,FALSE,FALSE,кост
537,suffix,FALSE,FALSE,зов
538,suffix,FALSE,FALSE,шат
539,suffix,FALSE,FALSE,крыл
540,suffix,FALSE,FALSE,тлен
541,suffix,FALSE,FALSE,пламень
542,suffix,FALSE,FALSE,крен
543,suffix,FALSE,FALSE,морф
544,suffix,FALSE,FALSE,фоб
545,suffix,FALSE,FALSE,дых
546,suffix,FALSE,FALSE,струн
547,suffix,FALSE,FALSE,плав
548,suffix,FALSE,FALSE,сгиб
549,suffix,FALSE,FALSE,мин
550,suffix,FALSE,FALSE,щип
551,suffix,FALSE,FALSE,сёрб
552,suffix,FALSE,FALSE,чист
553,suffix,FALSE,FALSE,штык
554,suffix,FALSE,FALSE,мес
555,suffix,FALSE,FALSE,прыг
556,suffix,FALSE,FALSE,туш
557,suffix,FALSE,FALSE,блик
558,suffix,FALSE,FALSE,кур
559,suffix,FALSE,FALSE,брод
560,suffix,FALSE,FALSE,бульб
561,suffix,FALSE,FALSE,дан
562,suffix,FALSE,FALSE,кор
563,suffix,FALSE,FALSE,цып
564,suffix,FALSE,FALSE,мох
565,suffix,FALSE,FALSE,штроц
566,suffix,FALSE,FALSE,торч
567,suffix,FALSE,FALSE,крем
568,suffix,FALSE,FALSE,стёг
569,suffix,FALSE,FALSE,бой
570,suffix,FALSE,FALSE,пух
571,suffix,FALSE,FALSE,хлюп
572,suffix,FALSE,FALSE,шляп
573,suffix,FALSE,FALSE,руб
574,suffix,FALSE,FALSE,сек
575,suffix,FALSE,FALSE,мот
576,suffix,FALSE,FALSE,бур
577,suffix,FALSE,FALSE,визг
578,suffix,FALSE,FALSE,дрог
579,suffix,FALSE,FALSE,чуд
580,suffix,FALSE,FALSE,луп
581,suffix,FALSE,FALSE,роб
582,suffix,FALSE,FALSE,дел
583,suffix,FALSE,FALSE,вей
584,suffix,FALSE,FALSE,мызг
585,suffix,FALSE,FALSE,хват
586,suffix,FALSE,FALSE,глад
587,suffix,FALSE,FALSE,лив
588,suffix,FALSE,FALSE,лип
589,suffix,FALSE,FALSE,скреп
590,suffix,FALSE,FALSE,крас
591,suffix,FALSE,FALSE,вод
592,suffix,FALSE,FALSE,вис
593,suffix,FALSE,FALSE,миг
594,suffix,FALSE,FALSE,друз
595,suffix,FALSE,FALSE,срам
596,suffix,FALSE,FALSE,слёз
597,suffix,FALSE,FALSE,крюк
598,suffix,FALSE,FALSE,кров
599,suffix,FALSE,FALSE,ед
600,suffix,FALSE,FALSE,жор
601,suffix,FALSE,FALSE,пуп
602,suffix,FALSE,FALSE,дрожь
603,suffix,FALSE,FALSE,скат
604,suffix,FALSE,FALSE,рот
605,suffix,FALSE,FALSE,щёк
606,suffix,FALSE,FALSE,пут
607,suffix,FALSE,FALSE,пыж
608,suffix,FALSE,FALSE,сум
609,suffix,FALSE,FALSE,луж
610,suffix,FALSE,FALSE,ласк
611,suffix,FALSE,FALSE,лоб
612,suffix,FALSE,FALSE,дой
613,suffix,FALSE,FALSE,грёз
614,suffix,FALSE,FALSE,двиг
615,suffix,FALSE,FALSE,тёр
616,suffix,FALSE,FALSE,пил
617,suffix,FALSE,FALSE,пыл
618,suffix,FALSE,FALSE,круч
619,suffix,FALSE,FALSE,порч
620,suffix,FALSE,FALSE,крив
621,suffix,FALSE,FALSE,скверн
622,suffix,FALSE,FALSE,луч
623,suffix,FALSE,FALSE,шиз
624,suffix,FALSE,FALSE,муз
625,suffix,FALSE,FALSE,утроб
626,suffix,FALSE,FALSE,рвач
627,suffix,FALSE,FALSE,вед
628,suffix,FALSE,FALSE,хлыст
629,suffix,FALSE,FALSE,грёб
630,suffix,FALSE,FALSE,ворот
631,suffix,FALSE,FALSE,мёт
632,suffix,FALSE,FALSE,клац
633,suffix,FALSE,FALSE,чад
634,suffix,FALSE,FALSE,щёлк
635,suffix,FALSE,FALSE,сев
636,suffix,FALSE,FALSE,сов
637,suffix,FALSE,FALSE,гриб
638,suffix,FALSE,FALSE,клякс
639,suffix,FALSE,FALSE,скоб
640,suffix,FALSE,FALSE,рос
641,suffix,TRUE,FALSE,шмар
642,suffix,FALSE,FALSE,тромб
643,suffix,FALSE,FALSE,шпаг
644,suffix,FALSE,FALSE,нерв
645,suffix,FALSE,FALSE,нрав
646,suffix,FALSE,FALSE,скал
647,suffix,FALSE,FALSE,молот
648,suffix,FALSE,FALSE,рыб
649,suffix,FALSE,FALSE,жаб
650,suffix,FALSE,FALSE,прыт
651,suffix,FALSE,FALSE,пляс
652,suffix,FALSE,FALSE,дроб
653,suffix,FALSE,FALSE,рыг
654,suffix,FALSE,FALSE,тёрн
655,suffix,FALSE,FALSE,прут
656,suffix,FALSE,FALSE,мрак
657,suffix,FALSE,FALSE,хрящ
658,suffix,FALSE,FALSE,зар
659,suffix,FALSE,FALSE,жуч
660,suffix,FALSE,FALSE,хрум
661,suffix,FALSE,FALSE,скок
662,suffix,FALSE,FALSE,смерт
663,suffix,FALSE,FALSE,вяз
664,suffix,FALSE,FALSE,спор
665,suffix,FALSE,FALSE,уд
666,suffix,FALSE,FALSE,язв
667,suffix,FALSE,FALSE,стыд
668,suffix,FALSE,FALSE,мыл
669,suffix,FALSE,FALSE,игл
670,suffix,FALSE,FALSE,сып
671,suffix,FALSE,FALSE,искр
672,suffix,FALSE,FALSE,дыб
673,suffix,FALSE,FALSE,жмот
674,suffix,TRUE,FALSE,мраз
675,suffix,FALSE,FALSE,дрыст
676,suffix,FALSE,FALSE,тёк
677,suffix,FALSE,FALSE,крах
678,suffix,FALSE,FALSE,крох
679,suffix,FALSE,FALSE,плюв
680,suffix,FALSE,FALSE,морщ
681,suffix,FALSE,FALSE,куп
682,suffix,FALSE,FALSE,берс
683,suffix,TRUE,FALSE,кал
684,suffix,FALSE,TRUE,торн
685,suffix,FALSE,TRUE,сотт
686,suffix,FALSE,TRUE,грах
687,suffix,FALSE,TRUE,ши
688,suffix,FALSE,TRUE,нобо
689,suffix,FALSE,TRUE,озгу
690,suffix,FALSE,TRUE,зайга
691,suffix,FALSE,TRUE,шу
692,suffix,FALSE,TRUE,неф
693,suffix,FALSE,TRUE,трест
694,suffix,FALSE,TRUE,краш
695,suffix,FALSE,TRUE,аин
696,suffix,FALSE,TRUE,зибо
697,suffix,FALSE,TRUE,прумб
698,suffix,FALSE,TRUE,энти
699,suffix,FALSE,TRUE,арамм
700,suffix,FALSE,TRUE,цу
701,suffix,FALSE,TRUE,ток
702,suffix,FALSE,TRUE,ниф
703,suffix,FALSE,TRUE,кофа
